object,RA,DEC,logAge,FeH,E(B-V),r_logAge,r__M_H_,aperture,u,J0378,J0395,J0410,J0430,g,J0515,r,J0660,i,J0861,z,e_u,e_J0378,e_J0395,e_J0410,e_J0430,e_g,e_J0515,e_r,e_J0660,e_i,e_J0861,e_z
Bruck 100,15.099583,-72.089165,8.1,0.0,0.0738,GGK10,,40,13.6820222597571,13.3825999935458,13.1660426623587,13.028943433841,13.0557265558221,13.0643699371046,13.0231344888846,13.0182236233182,13.0266021043371,12.9713017122527,12.9577649422003,12.9413237798217,0.136820222597571,0.133825999935458,0.131660426623587,0.13028943433841,0.130557265558221,0.130643699371046,0.130231344888846,0.130182236233182,0.130266021043371,0.129713017122527,0.129577649422003,0.129413237798217
Bruck 103,15.2375,-73.15361,8.43,-0.01,0.0855,GGK10.MPS14,PPV17,50,14.5859075398377,14.2221090475028,14.0340451163838,13.8627694226869,13.9028173539396,13.740390535678,13.7604725142834,13.6017274541739,13.5922795181155,13.4592342196492,13.346504270921,13.3427826636396,0.145859075398377,0.142221090475028,0.140340451163838,0.138627694226869,0.139028173539396,0.13740390535678,0.137604725142834,0.136017274541739,0.135922795181155,0.134592342196492,0.13346504270921,0.133427826636396
Bruck 117,16.0525,-73.26056,8.3,0.0,0.0949,GGK10,,40,14.6918525509626,14.3130028996948,14.0750577428962,13.843182522554,13.8515657190328,13.7029851284684,13.6499230221294,13.4157444183139,13.3829407041671,13.2328977502322,13.1010108418992,13.0946399930078,0.146918525509626,0.143130028996948,0.140750577428962,0.13843182522554,0.138515657190328,0.137029851284684,0.136499230221294,0.134157444183139,0.133829407041671,0.132328977502322,0.131010108418992,0.130946399930078
Bruck 119,16.080833,-73.16695,8.9,0.0,0.0907,GGK10,,35,15.7909992253887,15.5520423634933,15.6736701022371,15.3555039630062,15.4885789404204,15.2035345043116,15.2556764673871,15.1573510977297,15.2571644107641,15.2472928465412,15.3465041653015,15.3792882619284,0.157909992253887,0.155520423634933,0.156736701022371,0.153555039630062,0.154885789404204,0.152035345043116,0.152556764673871,0.151573510977297,0.152571644107641,0.152472928465412,0.153465041653015,0.153792882619284
Bruck 12,9.58625,-73.27111,9.0,0.0,0.0831,CVH+06,,25,16.7256474953073,16.1453584655814,15.9157843551161,15.6343768391995,15.5504616721096,15.3494654957708,15.2947549918599,15.0480723633662,15.074057791373,14.9392447669558,15.0069019747118,14.93577761115,0.167256474953073,0.161453584655814,0.159157843551161,0.156343768391995,0.155504616721096,0.153494654957708,0.152947549918599,0.150480723633662,0.15074057791373,0.149392447669558,0.150069019747118,0.1493577761115
Bruck 121,16.124582,-72.61916,8.07,0.0,0.0918,GGK10.CVH+06.PU99,,40,13.9546910023424,13.7000909103454,13.5108727632486,13.3035725061125,13.2911877451338,13.216422480741,13.1784697742837,13.0928821517923,13.1023322276232,13.0585136029606,13.0875842119876,13.0439769796654,0.139546910023424,0.137000909103454,0.135108727632486,0.133035725061125,0.132911877451338,0.13216422480741,0.131784697742837,0.130928821517923,0.131023322276232,0.130585136029606,0.130875842119876,0.130439769796654
Bruck 124,16.259167,-73.04222,8.05,-0.18,0.0836,GGK10.MPS14,PPV17,30,14.7977850093353,14.4901614043417,14.3385110687981,14.2367436507025,14.2490002224267,14.1890203232332,14.1944346265392,14.0716267525274,14.0674686445932,14.0404226505345,14.0307903265554,14.0301620135167,0.147977850093353,0.144901614043417,0.143385110687981,0.142367436507025,0.142490002224267,0.141890203232332,0.141944346265392,0.140716267525274,0.140674686445932,0.140404226505345,0.140307903265554,0.140301620135167
Bruck 128,16.4625,-71.9525,8.35,0.0,0.0962,GGK10.CVH+06,,40,15.1364155084956,14.760844598709,14.5293446823658,14.3016781079226,14.3184605945601,14.2331672308303,14.2304188747034,14.1335460756882,14.0734358736643,14.1230435355664,14.1399877734692,14.1478130811241,0.151364155084956,0.14760844598709,0.145293446823658,0.143016781079226,0.143184605945601,0.142331672308303,0.142304188747034,0.141335460756882,0.140734358736643,0.141230435355664,0.141399877734692,0.141478130811241
Bruck 129,16.758333,-72.62194,8.2,0.0,0.1045,GGK10.CVH+06.PU99,,60,13.9188731024819,13.6724223888947,13.3627793566854,13.1759701988929,13.1954880194568,13.0482778361751,13.0055210254114,12.7228874218508,12.6989013731131,12.2756194401892,12.1159649943157,12.0177329800666,0.139188731024819,0.136724223888947,0.133627793566854,0.131759701988929,0.131954880194568,0.130482778361751,0.130055210254114,0.127228874218508,0.126989013731131,0.122756194401892,0.121159649943157,0.120177329800666
Bruck 139,17.610832,-71.56556,8.3,0.0,0.072,GGK10,,40,15.3132201832746,14.9358670783295,14.680387289903,14.448212989277,14.4919339857921,14.4178975538256,14.4106004050001,14.3441185599912,14.3785207276413,14.4122694389152,14.5189426057187,14.5081347972667,0.153132201832746,0.149358670783295,0.14680387289903,0.14448212989277,0.144919339857921,0.144178975538256,0.144106004050001,0.143441185599912,0.143785207276413,0.144122694389152,0.145189426057187,0.145081347972667
Bruck 149,18.646667,-72.99556,0.0,0.0,0.1022,,,30,14.6213767070528,14.4439821166633,14.47778720303,14.158795947437,14.1343129362676,14.0419257122313,13.9705105468302,13.8821461761187,13.8926288468376,13.8790791506743,13.9168534925989,13.9064704857524,0.146213767070528,0.144439821166633,0.144777872030299,0.14158795947437,0.141343129362676,0.140419257122313,0.139705105468302,0.138821461761187,0.138926288468376,0.138790791506743,0.139168534925989,0.139064704857524
Bruck 155,20.09875,-74.003334,8.7,0.0,0.1026,PdGR+15,,30,15.2924709129173,15.0357730922685,14.8499183454131,14.6211347990007,14.6072426274986,14.4973085688775,14.4325032460563,14.22718948542,14.1876866660853,14.1130772828299,14.0634529646875,14.0460886783416,0.152924709129173,0.150357730922685,0.148499183454131,0.146211347990007,0.146072426274986,0.144973085688775,0.144325032460563,0.1422718948542,0.141876866660853,0.141130772828299,0.140634529646875,0.140460886783416
Bruck 156,19.894583,-73.09639,7.5,0.0,0.1226,GGK10,,40,13.3520818663968,13.358032431509,13.430582910391,13.4099102387959,13.4952787527757,13.6703027708767,13.7519439225592,13.9704840783319,14.054292114213,14.1476015140414,14.2369459750065,14.2218581183995,0.133520818663968,0.13358032431509,0.13430582910391,0.134099102387959,0.134952787527757,0.136703027708767,0.137519439225592,0.139704840783319,0.14054292114213,0.141476015140414,0.142369459750065,0.142218581183995
Bruck 18,10.276667,-72.72583,0.0,0.0,0.0822,,,20,16.6937652609109,16.4012494740964,16.4407115506189,15.8534162089141,15.8061312703748,15.4718879322502,15.3347253983619,15.0250852602796,14.991590619222,14.9144383473873,14.9290687457321,14.9062110936089,0.166937652609109,0.164012494740964,0.164407115506189,0.158534162089141,0.158061312703748,0.154718879322502,0.153347253983619,0.150250852602796,0.14991590619222,0.149144383473873,0.149290687457321,0.149062110936089
Bruck 33,11.0525,-73.619446,8.4,0.0,0.0904,CVH+06,,30,15.687882856194,15.4507270696607,15.2582749051189,15.037251844632,15.0628957928725,14.9985241261802,15.0066780801248,14.9689665452064,15.0291373534895,14.9969901869564,15.213561672809,15.1464109102214,0.15687882856194,0.154507270696607,0.152582749051189,0.15037251844632,0.150628957928725,0.149985241261802,0.150066780801248,0.149689665452064,0.150291373534895,0.149969901869564,0.15213561672809,0.151464109102214
Bruck 41,11.36375,-73.70361,8.0,0.0,0.0919,GGK10,,30,15.3003638118618,15.0011331721721,14.7807684880207,14.5172342002653,14.4334670128763,14.1490881577773,14.0522375257829,13.7298503618629,13.5194832330858,13.5746742535628,13.5403914657394,13.5062970301161,0.153003638118618,0.150011331721721,0.147807684880207,0.145172342002653,0.144334670128763,0.141490881577773,0.140522375257829,0.137298503618629,0.135194832330858,0.135746742535628,0.135403914657394,0.135062970301161
Bruck 44,11.564583,-74.37778,0.0,0.0,0.0848,,,30,16.3267589828185,15.9806280621186,16.0158190531661,15.0895081610465,14.9064627396563,14.2549232826301,14.0660679378887,13.5718656773399,13.478611390557,13.3145249678196,13.2634914175464,13.1779659699963,0.163267589828185,0.159806280621186,0.160158190531661,0.150895081610465,0.149064627396563,0.142549232826301,0.140660679378887,0.135718656773399,0.13478611390557,0.133145249678196,0.132634914175464,0.131779659699963
Bruck 6,6.997917,-74.40111,8.11,-0.04,0.0887,DKB+16,DKB+16,35,15.2645685766959,15.1752815781068,15.0725511756829,14.9466748404184,15.0210629860148,15.099658527243,15.1150200981691,15.2951297257174,15.2315657490899,15.5371341024875,15.7234303901553,15.8981024394485,0.152645685766959,0.151752815781068,0.150725511756829,0.149466748404184,0.150210629860148,0.15099658527243,0.151150200981691,0.152951297257174,0.152315657490899,0.155371341024875,0.157234303901553,0.158981024394485
Bruck 70,13.359167,-71.7475,0.0,0.0,0.0866,,,30,15.6618331318626,15.3774257483476,15.3316733087501,14.855630234525,14.7926296366006,14.4458260431564,14.2675757735309,13.9842197355099,13.924552714293,13.7884323724689,13.7405507746955,13.6991942429143,0.156618331318626,0.153774257483476,0.153316733087501,0.14855630234525,0.147926296366006,0.144458260431564,0.142675757735309,0.139842197355099,0.13924552714293,0.137884323724689,0.137405507746955,0.136991942429143
Bruck 71,13.325,-72.76667,7.4,0.0,0.0981,GGK10.CVH+06.PU99,,50,12.0698557163279,12.0334217915723,11.9388865892296,11.8272354735405,11.8321183676919,11.6581595543436,11.5643246670704,11.1616416977584,11.0725199639283,10.9210798952604,10.6947500190338,10.711587742622,0.120698557163279,0.120334217915723,0.119388865892296,0.118272354735405,0.118321183676919,0.116581595543436,0.115643246670704,0.111616416977584,0.110725199639283,0.109210798952604,0.106947500190338,0.10711587742622
Bruck 79,13.697917,-72.465836,7.47,0.0,0.089,GGK10.CVH+06.PU99,,45,12.3654254860563,12.1029934346108,11.9692699288893,11.8460299107044,11.9028465720729,11.9861973028944,11.9982408721292,12.1717490227412,12.2021358369727,12.3040489796926,12.3956807896149,12.3968768476369,0.123654254860563,0.121029934346108,0.119692699288893,0.118460299107044,0.119028465720729,0.119861973028944,0.119982408721292,0.121717490227412,0.122021358369727,0.123040489796926,0.123956807896149,0.123968768476369
Bruck 81,13.872083,-71.88556,7.8,0.0,0.0842,GGK10,,45,12.4321180313614,12.0691854051596,11.9941863990231,11.9450580145641,12.0059324518884,12.1326625872032,12.1668551685519,12.3701241104537,12.4492152896767,12.5723240814926,12.6612621701517,12.6694511188848,0.124321180313614,0.120691854051596,0.119941863990231,0.119450580145641,0.120059324518884,0.121326625872032,0.121668551685519,0.123701241104537,0.124492152896767,0.125723240814926,0.126612621701517,0.126694511188848
Bruck 82,13.90125,-71.9825,8.0,0.0,0.0814,GGK10,,40,13.6800576562543,13.5317826841292,13.4578508620129,13.3353462375902,13.3614903944008,13.2852756477698,13.2661790566628,13.0781302976455,13.0042599910858,12.9236203792754,12.8912857882798,12.8367966670185,0.136800576562543,0.135317826841292,0.134578508620129,0.133353462375902,0.133614903944008,0.132852756477698,0.132661790566628,0.130781302976455,0.130042599910858,0.129236203792754,0.128912857882798,0.128367966670185
Bruck 87,14.026667,-73.776665,0.0,0.0,0.0801,,,30,15.7144530824905,15.0633053783035,14.7827010230068,14.5734080808531,14.5946028740434,14.5089937426621,14.4944749093406,14.4696489891643,14.518811870663,14.5127648047826,14.5626648301008,14.6340377942293,0.157144530824905,0.150633053783035,0.147827010230068,0.145734080808531,0.145946028740434,0.145089937426621,0.144944749093406,0.144696489891643,0.14518811870663,0.145127648047826,0.145626648301008,0.146340377942293
Bruck 92,14.547917,-72.00166,7.3,0.0,0.077,GGK10,,40,13.5421792237385,12.9872457896156,12.7988407084692,12.7196946536001,12.7832969868076,12.8771827348965,12.900251721744,13.0855305179747,13.2180797938027,13.2841583832744,13.3635168617256,13.3704148498344,0.135421792237385,0.129872457896156,0.127988407084692,0.127196946536001,0.127832969868076,0.128771827348965,0.12900251721744,0.130855305179747,0.132180797938027,0.132841583832744,0.133635168617256,0.133704148498344
Bruck 96,14.807083,-72.60833,8.3,0.0,0.1166,GGK10.CVH+06.PU99,,55,14.0272030577956,13.6096766781112,13.35858858798,13.1189179856376,13.1317538645288,13.0127594028489,12.9546218436776,12.8336140085151,12.7890881634915,12.7556965537529,12.7676786082256,12.7438161077117,0.140272030577956,0.136096766781112,0.1335858858798,0.131189179856376,0.131317538645288,0.130127594028489,0.129546218436776,0.128336140085151,0.127890881634915,0.127556965537529,0.127676786082256,0.127438161077117
Bruck 99,15.117917,-73.08611,8.23,-0.743089986991943,0.0823,CVH+06.PU99.MPS14,PGC+15,45,14.8496116882095,14.3232623274615,14.207365507246,13.9171999425319,13.8586433421617,13.6746228515238,13.6687947839375,13.4240561172315,13.4191827947516,13.3067698630704,13.3097562683538,13.2886247603132,0.148496116882095,0.143232623274615,0.14207365507246,0.139171999425319,0.138586433421617,0.136746228515238,0.136687947839375,0.134240561172315,0.134191827947516,0.133067698630704,0.133097562683538,0.132886247603132
Cl Kron 11,9.113333,-72.47833,9.17,-0.683089986991944,0.0924,DKB+16,DKB+16,60,15.8007177103235,15.4061453325571,15.4246986278161,14.8291544617371,14.8029179543478,14.4178067521266,14.3149841603472,14.0139458833197,13.9595176287735,13.8680797985406,13.8969631393789,13.8547543811696,0.158007177103235,0.154061453325571,0.154246986278161,0.148291544617371,0.148029179543478,0.144178067521266,0.143149841603472,0.140139458833197,0.139595176287735,0.138680797985406,0.138969631393789,0.138547543811696
Cl Kron 17,10.255,-72.57278,8.55,0.0,0.0763,GGK10,,60,14.0921960181337,13.6098114248972,13.2466880759265,12.9352698061447,12.9382263797143,12.7715285324231,12.6892255472821,12.5573913372471,12.5622978651046,12.5208409977566,12.5644466251568,12.5298204128826,0.140921960181337,0.136098114248972,0.132466880759265,0.129352698061447,0.129382263797143,0.127715285324231,0.126892255472821,0.125573913372471,0.125622978651046,0.125208409977566,0.125644466251568,0.125298204128826
Cl Kron 21,10.350833,-72.89083,9.66,-1.04308998699194,0.0863,PGC+14,PGG+09,140,13.0627602418095,12.6775671048813,12.6085541932902,12.1816964309905,12.0762198947011,11.695926543198,11.5988229662316,11.236761290857,11.2304207858937,11.053628274346,11.0617430847664,11.0111995830919,0.130627602418095,0.126775671048813,0.126085541932902,0.121816964309905,0.120762198947011,0.11695926543198,0.115988229662316,0.11236761290857,0.112304207858937,0.11053628274346,0.110617430847664,0.110111995830919
Cl Kron 29,12.973333,-72.952225,8.1,0.0,0.0858,CVH+06.PU99,,55,12.7905816501087,12.3937139948667,12.235072588892,12.0176187643101,12.0354880721269,11.9598226260017,11.9110788211782,11.8487452300937,11.8680110748701,11.8658516898688,11.8902115930912,11.8722453214361,0.127905816501087,0.123937139948667,0.12235072588892,0.120176187643101,0.120354880721269,0.119598226260017,0.119110788211782,0.118487452300937,0.118680110748701,0.118658516898688,0.118902115930912,0.118722453214361
Cl Kron 34,13.888333,-72.83222,8.6,0.0,0.0951,CVH+06.PU99,,70,12.9035140596637,12.5259864112774,12.2397879963105,11.9892819283634,12.0093816077073,11.9567604548033,11.8738288313606,11.8515980557858,11.8573695942509,11.7913851839356,11.8003182414514,11.7516341893,0.129035140596637,0.125259864112774,0.122397879963105,0.119892819283634,0.120093816077073,0.119567604548033,0.118738288313606,0.118515980557858,0.118573695942509,0.117913851839356,0.118003182414514,0.117516341893
Cl Kron 42,15.141667,-72.365555,7.7,-0.1,0.0844,GGK10.CVH+06.PU99,PPV17,50,12.304485226687,12.1148177882954,11.9900102585184,11.9484979192219,11.9989348217288,12.066893956408,12.0616334207927,12.099736527413,12.1048805235654,12.1190846791004,12.1252096925382,12.1197779733035,0.12304485226687,0.121148177882954,0.119900102585184,0.119484979192219,0.119989348217288,0.12066893956408,0.120616334207927,0.12099736527413,0.121048805235654,0.121190846791004,0.121252096925382,0.121197779733035
Cl Kron 44,15.516667,-73.925835,9.48,-0.713089986991944,0.0849,PGC+14,PGC+15,160,13.6504943784547,13.3682976217904,13.384355721378,12.8821842739922,12.7398472787165,12.2386509415713,12.1012113431882,11.6424969089348,11.5817677507407,11.4002937617044,11.3545208264635,11.3162993261519,0.136504943784547,0.133682976217904,0.13384355721378,0.128821842739922,0.127398472787165,0.122386509415713,0.121012113431882,0.116424969089348,0.115817677507407,0.114002937617044,0.113545208264635,0.113162993261519
Cl Kron 47,15.7975,-72.272224,7.65,-0.1,0.0917,GGK10.CVH+06.PU99.MPS14,PPV17,45,12.2037829892144,12.1589367717022,12.0240296837832,12.0038335079156,12.0585192874913,12.219053020822,12.271658603262,12.4969437148958,12.5474417286285,12.702137492169,12.7853473779028,12.8173105570244,0.122037829892144,0.121589367717022,0.120240296837832,0.120038335079156,0.120585192874913,0.12219053020822,0.12271658603262,0.124969437148958,0.125474417286285,0.12702137492169,0.127853473779028,0.128173105570244
Cl Kron 54,16.699167,-72.272224,7.58,0.0,0.082,GGK10.CVH+06.PU99,,50,11.9841914331653,11.9448518476893,11.9032033237264,11.8407095274702,11.8394773990203,11.667277426273,11.576133962692,11.023588927824,10.865198382069,10.5973178322102,10.4213615815129,10.3569365152925,0.119841914331653,0.119448518476893,0.119032033237264,0.118407095274702,0.118394773990203,0.11667277426273,0.11576133962692,0.11023588927824,0.10865198382069,0.105973178322102,0.104213615815129,0.103569365152925
Cl Kron 55,16.885418,-73.12056,8.52,-0.58,0.1022,GGK10.CVH+06.MPS14,PPV17,55,14.5670473716069,14.0860767162267,13.825229156207,13.5860275832896,13.6015069393306,13.5011102743929,13.4903021918419,13.4291679010497,13.4848125961682,13.4809892747072,13.569337113838,13.5567453570234,0.145670473716069,0.140860767162267,0.13825229156207,0.135860275832896,0.136015069393306,0.135011102743929,0.134903021918419,0.134291679010497,0.134848125961682,0.134809892747072,0.13569337113838,0.135567453570234
Cl Kron 61,17.262917,-73.08667,8.13,-0.88,0.0921,GGK10.CVH+06.MPS14,PPV17,55,13.890288100368,13.7285603682018,13.6861088663246,13.4472879530879,13.4329475853994,13.3097317039018,13.2578151608939,13.1201744605519,13.1062083318683,13.0815981753106,13.0961428900029,13.1117184153603,0.13890288100368,0.137285603682018,0.136861088663246,0.134472879530879,0.134329475853994,0.133097317039018,0.132578151608939,0.131201744605519,0.131062083318683,0.130815981753106,0.130961428900029,0.131117184153603
Cl Kron 63,17.696667,-72.793335,8.3,-0.88,0.0918,GGK10,PPV17,50,14.3625145876145,13.9060439731547,13.5514456770141,13.3767554327132,13.3950349188081,13.3298358326441,13.2826676681307,13.2761680734394,13.3854045437095,13.2694693417004,13.3394854203559,13.2985838159531,0.143625145876145,0.139060439731547,0.135514456770141,0.133767554327132,0.133950349188081,0.133298358326441,0.132826676681307,0.132761680734394,0.133854045437095,0.132694693417004,0.133394854203559,0.132985838159531
Cl Kron 68,18.88875,-72.623055,8.7,0.0,0.0799,GGK10.PdGR+15,,55,14.6428603108279,14.3653619662843,14.0759849119826,13.9512969860854,13.9683355349175,14.0420146740068,14.0910512105837,14.2363680391437,14.3112715864502,14.3952660132358,14.6232449074095,14.5674188868614,0.146428603108279,0.143653619662843,0.140759849119826,0.139512969860854,0.139683355349175,0.140420146740068,0.140910512105837,0.142363680391437,0.143112715864502,0.143952660132358,0.146232449074095,0.145674188868614
Cl Lindsay 100,19.570417,-72.00166,9.32,-0.88,0.0792,PGC+14.PdGR+15,PPV17,55,15.464280947479,14.9643555865147,15.0236670448201,14.4864564416406,14.4105551550139,14.1497259697373,13.9917737233649,13.735570568729,13.6983764954771,13.5877446134756,13.5506678721373,13.5571880447741,0.15464280947479,0.149643555865147,0.150236670448201,0.144864564416406,0.144105551550139,0.141497259697373,0.139917737233649,0.13735570568729,0.136983764954771,0.135877446134756,0.135506678721373,0.135571880447741
Cl Lindsay 39,12.262917,-73.361115,8.01,-0.01,0.0801,GGK10.CVH+06.PU99.MPS14,PPV17,40,10.3994076634023,10.250566467018,10.3026173699941,10.2939332222844,10.3488859442639,10.5120782852633,10.5072046629765,10.7671507490885,10.8293697869402,11.0545392489862,11.1789657471008,11.2287364747248,0.103994076634023,0.10250566467018,0.103026173699941,0.102939332222844,0.103488859442639,0.105120782852633,0.105072046629765,0.107671507490885,0.108293697869402,0.110545392489862,0.111789657471008,0.112287364747248
Cl Lindsay 41,12.7325,-72.72639,8.17,0.0,0.1131,GGK10.CVH+06.PU99,,40,13.0474098036648,12.6564652433538,12.3851412584685,12.2237709041884,12.2693964585404,12.3261793063402,12.316441543245,12.4391297080694,12.5307222945242,12.5169232117457,12.5831077577227,12.5773043008101,0.130474098036648,0.126564652433538,0.123851412584685,0.122237709041884,0.122693964585404,0.123261793063402,0.12316441543245,0.124391297080694,0.125307222945242,0.125169232117457,0.125831077577227,0.125773043008101
Cl Lindsay 48,13.366667,-71.39861,7.8,0.0,0.0661,GGK10,,55,12.843746429201,12.5760674423699,12.4488280753525,12.3071426759871,12.3425856549702,12.4839780217325,12.4987788249425,12.7417742165876,12.8075150172977,12.9880721134931,13.1386718358936,13.1498414410723,0.12843746429201,0.125760674423699,0.124488280753525,0.123071426759871,0.123425856549702,0.124839780217325,0.124987788249425,0.127417742165876,0.128075150172977,0.129880721134931,0.131386718358936,0.131498414410723
Cl Lindsay 52,13.82125,-73.507225,8.2,0.0,0.0802,GGK10,,45,14.2981039808498,13.9153306688252,13.7153848455448,13.4862049185531,13.5346543895297,13.4105625214973,13.4015413397102,13.3353378058801,13.3698806385783,13.3491963642488,13.407512988413,13.391863971052,0.142981039808498,0.139153306688252,0.137153848455448,0.134862049185531,0.135346543895297,0.134105625214973,0.134015413397102,0.133353378058801,0.133698806385783,0.133491963642488,0.13407512988413,0.13391863971052
Cl Lindsay 56,14.375833,-72.26417,7.63,0.0,0.1027,GGK10.CVH+06.PU99,,55,11.0928789131946,10.9651651197521,10.8422714244864,10.7771539228461,10.8422490879237,10.9632342687461,10.991952573579,11.163217477834,11.1957985952517,11.3001803203454,11.3832563697306,11.3785087230798,0.110928789131946,0.109651651197521,0.108422714244864,0.107771539228461,0.108422490879237,0.109632342687461,0.10991952573579,0.11163217477834,0.111957985952517,0.113001803203454,0.113832563697306,0.113785087230798
Cl Lindsay 66,15.435833,-72.56416,7.33,0.0,0.0962,GGK10.CVH+06.PU99,,60,11.2007954756222,10.8691602764412,10.7074703630453,10.6684274189232,10.7298410902875,10.8544716827552,10.8680937397512,11.0685926447063,11.1302671234382,11.2781410953968,11.3409536884345,11.3664653037172,0.112007954756222,0.108691602764412,0.107074703630453,0.106684274189232,0.107298410902875,0.108544716827552,0.108680937397512,0.110685926447063,0.111302671234382,0.112781410953968,0.113409536884345,0.113664653037172
HW11,9.380417,-73.6125,8.43,0.0,0.0732,GGK10.CVH+06.PU99.RZ05,,75,14.4649991580022,14.0080899873376,13.7667043689932,13.490302309397,13.4732052015248,13.2645456489987,13.2178776659984,13.0681824654668,13.0839919530972,12.9960259440846,13.0837672102838,13.0179039834718,0.144649991580022,0.140080899873376,0.137667043689932,0.13490302309397,0.134732052015248,0.132645456489987,0.132178776659984,0.130681824654668,0.130839919530972,0.129960259440846,0.130837672102838,0.130179039834718
HW31,13.891667,-74.062775,9.66,-0.7,0.08,GGK10.PGC+14,PPV17,45,16.1640145207695,15.866748906884,15.6935818780037,15.1930905511742,15.1792142292393,14.7119419904233,14.5456499420124,14.1028001855474,14.0445577573027,13.8290125120964,13.6553115723944,13.6753552536053,0.161640145207695,0.15866748906884,0.156935818780037,0.151930905511742,0.151792142292393,0.147119419904233,0.145456499420124,0.141028001855474,0.140445577573027,0.138290125120964,0.136553115723944,0.136753552536053
HW37,14.815833,-71.76778,8.05,0.0,0.0888,GGK10,,45,13.4547757263106,13.250461669573,13.0870462097821,12.9654119336108,12.9967436123686,13.024859455384,13.0184207385349,13.0456112507507,13.0890961392653,13.1182318119528,13.1690381804562,13.1701380416619,0.134547757263106,0.13250461669573,0.130870462097821,0.129654119336108,0.129967436123686,0.13024859455384,0.130184207385349,0.130456112507507,0.130890961392653,0.131182318119528,0.131690381804562,0.131701380416619
HW39,14.8775,-71.66778,8.2,0.0,0.0888,GGK10,,45,15.0954646199906,14.8945420414538,14.7515564016295,14.563372664761,14.2221209516105,14.4572136868906,14.3928849762292,14.2429495553986,14.2525951673879,14.1553095373684,14.1849549067364,14.1615726232524,0.150954646199906,0.148945420414538,0.147515564016295,0.14563372664761,0.142221209516105,0.144572136868906,0.143928849762292,0.142429495553986,0.142525951673879,0.141553095373684,0.141849549067364,0.141615726232524
HW40,15.107083,-71.29417,9.56,-0.78,0.0696,PGC+14.DKB+14,PGC+15,50,16.4130150207382,15.9949553372871,15.9318448417348,15.4804919605042,15.3022536208662,14.8934405703936,14.7802694317374,14.3922019046608,14.3693374848139,14.2058067042159,14.1678678635842,14.1356860182998,0.164130150207382,0.159949553372871,0.159318448417348,0.154804919605042,0.153022536208662,0.148934405703936,0.147802694317374,0.143922019046608,0.143693374848139,0.142058067042159,0.141678678635842,0.141356860182998
HW43,15.284583,-71.754166,8.2,0.0,0.0842,GGK10,,45,14.6612844855477,14.2942751751648,14.0629214980789,13.8493127465047,13.9014877974375,13.8711384142797,13.8411201702725,13.79697360985,13.8495275396102,13.8495868676163,13.915920010221,13.8858107953053,0.146612844855477,0.142942751751648,0.140629214980789,0.138493127465047,0.139014877974375,0.138711384142797,0.138411201702725,0.1379697360985,0.138495275396102,0.138495868676163,0.13915920010221,0.138858107953053
HW46,15.998333,-73.699165,0.0,0.0,0.0719,,,30,16.6264862716876,16.410484330573,16.2174359849921,16.0711726796477,16.1787863022008,15.7322314097104,15.7207982065435,15.2874142628311,15.195805337313,15.0019367483515,14.8520722999523,14.8352048282522,0.166264862716876,0.16410484330573,0.162174359849921,0.160711726796477,0.161787863022008,0.157322314097104,0.157207982065435,0.152874142628311,0.15195805337313,0.150019367483515,0.148520722999523,0.148352048282522
HW48,16.24375,-73.63695,8.4,0.0,0.077,GGK10,,40,14.8908030761802,14.5574498228439,14.2525116937962,14.1575885785051,14.2287252730439,14.2259398715623,14.2585138361015,14.3199336674348,14.4032337483504,14.4842226984195,14.6221947572362,14.6519690997859,0.148908030761802,0.145574498228439,0.142525116937962,0.141575885785051,0.142287252730439,0.142259398715623,0.142585138361015,0.143199336674348,0.144032337483504,0.144842226984195,0.146221947572362,0.146519690997859
HW52,16.7375,-73.23583,8.15,-0.88,0.0853,GGK10.MPS14,PPV17,30,14.5637442884401,14.258221221295,14.0428625743136,13.9330857920972,13.9756357903413,13.9968644230245,14.0023873626989,14.0255691851535,14.0510498444322,14.0852403332778,14.1394275929469,14.1361920475666,0.145637442884401,0.14258221221295,0.140428625743136,0.139330857920972,0.139756357903413,0.139968644230245,0.140023873626989,0.140255691851535,0.140510498444322,0.140852403332778,0.141394275929469,0.141361920475666
HW61,17.42625,-72.29528,8.3,0.0,0.0867,GGK10,,40,14.7986078448666,14.4394005257993,14.2495017784047,14.0209674452124,14.0243433650149,13.9528799532381,13.9205396538972,13.8981204487933,13.8878374050982,13.9153991355731,14.026184600192,13.9769206428876,0.147986078448666,0.144394005257993,0.142495017784047,0.140209674452124,0.140243433650149,0.139528799532381,0.139205396538972,0.138981204487933,0.138878374050982,0.139153991355731,0.14026184600192,0.139769206428876
HW64,17.688334,-71.33861,8.25,0.0,0.0515,GGK10,,50,13.639424055874,13.3336326337972,13.2538547247965,13.1326910541111,13.1592107739085,13.2762281250531,13.2953372831742,13.4675533561156,13.4581439973543,13.6505331357142,13.782661588766,13.7987226258287,0.13639424055874,0.133336326337971,0.132538547247965,0.131326910541111,0.131592107739085,0.132762281250531,0.132953372831742,0.134675533561156,0.134581439973543,0.136505331357142,0.13782661588766,0.137987226258287
HW70,18.73125,-72.20583,8.4,0.0,0.0814,GGK10,,40,15.8121471201234,15.5865318348034,15.4089113906194,15.2996656262549,15.2538745160705,15.1334364376714,15.2309653666657,15.0555926413309,15.0270791016963,15.016606153057,14.9803642255144,14.958965224076,0.158121471201234,0.155865318348034,0.154089113906194,0.152996656262549,0.152538745160705,0.151334364376714,0.152309653666657,0.150555926413309,0.150270791016963,0.15016606153057,0.149803642255144,0.14958965224076
HW78,20.33625,-73.094444,0.0,0.0,0.1095,,,25,13.335798495924,13.3748382244123,13.4081892834533,13.4118830857138,13.4836236859972,13.711817952281,13.7925609192757,14.1356601132716,14.2885646691225,14.5077559588328,14.7419973854526,14.7789797179392,0.13335798495924,0.133748382244123,0.134081892834533,0.134118830857138,0.134836236859972,0.13711817952281,0.137925609192757,0.141356601132716,0.142885646691226,0.145077559588328,0.147419973854526,0.147789797179392
IC1611,14.94875,-72.333885,8.17,0.0,0.0924,GGK10.CVH+06.PU99,,85,12.0925567850923,11.798412264409,11.5516675609206,11.3798682318957,11.4126547959011,11.3937352570644,11.3500411960599,11.3376638921337,11.3535994952261,11.3219404057197,11.3436515754847,11.3345261106156,0.120925567850923,0.11798412264409,0.115516675609206,0.113798682318957,0.114126547959011,0.113937352570644,0.113500411960599,0.113376638921337,0.113535994952261,0.113219404057197,0.113436515754847,0.113345261106156
IC1624,16.338333,-72.04278,8.28,0.0,0.087,GGK10.CVH+06.PU99,,50,12.7843919951213,12.4137453386149,12.1594379475459,12.0025776797453,12.0177256914993,12.0367983567504,12.0261173105576,12.0820393165827,12.1056306322436,12.1760423324245,12.2479309267086,12.2216533159091,0.127843919951213,0.124137453386149,0.121594379475459,0.120025776797453,0.120177256914992,0.120367983567504,0.120261173105576,0.120820393165827,0.121056306322436,0.121760423324245,0.122479309267086,0.122216533159091
IC1626,16.555416,-73.29694,8.35,0.0,0.0907,GGK10,,55,13.9027299606952,13.4755137641621,13.1766897655442,12.9951330382831,13.0390414783156,12.9789517037769,12.9605272005982,12.8384213319506,12.8520933348034,12.8039183566167,12.7465241856997,12.7322169249655,0.139027299606952,0.134755137641621,0.131766897655442,0.129951330382831,0.130390414783156,0.129789517037769,0.129605272005982,0.128384213319506,0.128520933348034,0.128039183566167,0.127465241856997,0.127322169249655
IC1641,17.4125,-71.766945,8.3,0.0,0.0735,GGK10,,45,15.3802215089123,14.8392506945572,14.5531026846235,14.3204410234307,14.3711153909897,14.2601149712828,14.2357730405938,14.2257412098396,14.2888636630253,14.2850972394204,14.3967662721369,14.3976307504321,0.153802215089123,0.148392506945572,0.145531026846235,0.143204410234307,0.143711153909897,0.142601149712828,0.142357730405938,0.142257412098396,0.142888636630253,0.142850972394204,0.143967662721369,0.143976307504321
IC1655,17.974167,-71.32972,8.3,0.0,0.0612,GGK10.vdB81,,95,13.8400036095636,13.3859166233626,13.170427968258,12.961357382496,12.9876843180266,12.9634111057602,12.9493885210995,12.9165560333527,12.9402879477683,12.9500465036591,13.0080933355823,12.9882200525715,0.138400036095636,0.133859166233626,0.13170427968258,0.12961357382496,0.129876843180266,0.129634111057602,0.129493885210995,0.129165560333527,0.129402879477683,0.129500465036591,0.130080933355823,0.129882200525715
IC1660,18.1575,-71.76111,8.2,0.0,0.0676,GGK10.vdB81,,60,13.9036681530784,13.4583970002791,13.2663555959245,13.0653327493315,13.0816079306097,13.0644180054683,13.0564997439385,13.0726523140239,13.0997514679381,13.1360609493711,13.1541048663037,13.194474682149,0.139036681530784,0.134583970002791,0.132663555959245,0.130653327493315,0.130816079306097,0.130644180054683,0.130564997439385,0.130726523140239,0.130997514679381,0.131360609493711,0.131541048663037,0.13194474682149
IC1662,18.1375,-73.456665,8.1,0.0,0.1166,GGK10,,70,13.5534458179001,13.325903020024,13.177335813331,13.0726598419485,13.1400021911991,13.2199346162877,13.2699909365208,13.3869169161348,13.4495630808391,13.5396485059775,13.6657399010489,13.7253879750409,0.135534458179001,0.13325903020024,0.13177335813331,0.130726598419485,0.131400021911991,0.132199346162877,0.132699909365208,0.133869169161348,0.134495630808391,0.135396485059775,0.136657399010489,0.137253879750409
NGC152,8.234583,-73.11583,9.09,-0.680813592280791,0.0842,GGK10.DKB+16,DH98,165,13.1561862190575,12.7733138873078,12.641166082527,12.1891437730985,12.1137580319733,11.7684280395335,11.6454943447735,11.2755139987618,11.2291340117589,11.0385651703071,10.9505720863181,10.9031307198224,0.131561862190575,0.127733138873078,0.12641166082527,0.121891437730985,0.121137580319733,0.117684280395334,0.116454943447735,0.112755139987618,0.112291340117589,0.110385651703071,0.109505720863181,0.109031307198224
NGC176,8.995,-73.16583,8.2,0.0,0.0904,GGK10,,70,12.5693123036798,12.1417410242982,11.9935064624172,11.9044042748698,11.9573980026809,12.0652953664505,12.0842463889864,12.249837420723,12.3301808405433,12.4129645226177,12.5250344424982,12.5127868461424,0.125693123036798,0.121417410242982,0.119935064624172,0.119044042748698,0.119573980026809,0.120652953664505,0.120842463889864,0.12249837420723,0.123301808405433,0.124129645226177,0.125250344424982,0.125127868461424
NGC231,10.278333,-73.35111,7.87,0.0,0.0813,GGK10.CVH+06.PU99,,100,12.4096881681412,11.9490174890554,11.7439907304523,11.580430060579,11.5972365203622,11.5564724000267,11.5329914121169,11.5095942245222,11.5404397500227,11.5230104910294,11.6120087907705,11.5759190949381,0.124096881681412,0.119490174890554,0.117439907304523,0.11580430060579,0.115972365203622,0.115564724000267,0.115329914121169,0.115095942245222,0.115404397500227,0.115230104910294,0.116120087907705,0.115759190949381
NGC256,11.475417,-73.50667,7.93,-0.1,0.1083,GGK10.CVH+06.PU99,PPV17,50,12.6056760485902,12.1929201699827,11.956041609443,11.7930115018585,11.8163462727399,11.822065736814,11.775542962074,11.7654887713228,11.7913065853987,11.7754270266699,11.7966337589243,11.7716513832278,0.126056760485902,0.121929201699827,0.11956041609443,0.117930115018585,0.118163462727399,0.11822065736814,0.11775542962074,0.117654887713228,0.117913065853987,0.117754270266699,0.117966337589243,0.117716513832278
NGC265,11.7975,-73.476944,8.25,-0.28,0.1016,GGK10.CVH+06.PU99,PPV17,70,12.5284537802861,12.167888306088,11.8990641240978,11.6901104077109,11.7095342205612,11.6270691056165,11.5678003265487,11.4596628305506,11.4669353864367,11.4138674945851,11.3941050928699,11.3681037737112,0.125284537802861,0.12167888306088,0.118990641240978,0.116901104077109,0.117095342205612,0.116270691056165,0.115678003265487,0.114596628305506,0.114669353864367,0.114138674945851,0.113941050928699,0.113681037737112
NGC269,12.0875,-73.53028,8.5,0.0,0.0896,CVH+06,,70,13.1173598006228,12.7013392221127,12.4211891258022,12.1526768373324,12.1522714028873,12.0197806416001,11.9605736878767,11.8111166642642,11.7525044711277,11.7610230801644,11.7422260121115,11.7167519521056,0.131173598006228,0.127013392221127,0.124211891258022,0.121526768373324,0.121522714028873,0.120197806416001,0.119605736878767,0.118111166642642,0.117525044711277,0.117610230801644,0.117422260121115,0.117167519521056
NGC294,13.275,-73.38028,8.52,-2.18,0.0904,GGK10.CVH+06.PU99,PPV17,95,12.4799853505652,12.0127803051946,11.8221037992456,11.5400492342531,11.5260726450547,11.3778408970921,11.3293477964421,11.1947826717586,11.1815405259682,11.1373322260514,11.1220585772662,11.0910651677669,0.124799853505652,0.120127803051946,0.118221037992456,0.115400492342531,0.115260726450547,0.113778408970921,0.113293477964421,0.111947826717586,0.111815405259682,0.111373322260514,0.111220585772662,0.110910651677669
NGC306,13.5625,-72.24139,7.7,-0.01,0.0834,GGK10,PPV17,60,12.088470213582,11.8805711902589,11.7370132828624,11.6160732313162,11.650006596712,11.6519034039423,11.6393142651493,11.6230649552331,11.5978844317111,11.5813766569237,11.59254445254,11.5569251276022,0.12088470213582,0.118805711902589,0.117370132828624,0.116160732313162,0.11650006596712,0.116519034039423,0.116393142651493,0.116230649552331,0.115978844317111,0.115813766569237,0.1159254445254,0.115569251276022
NGC330,14.077917,-72.46333,7.63,-0.700813592280791,0.1098,GGK10.CVH+06.PU99,DH98,155,8.95289235680264,8.72565193255339,8.6414418418452,8.56006770314477,8.61642738397483,8.68211677121617,8.68375265668236,8.74015178319722,8.69297448444315,8.761714528081,8.73516804240085,8.73155117849605,0.089528923568026,0.087256519325534,0.086414418418452,0.085600677031448,0.086164273839748,0.086821167712162,0.086837526566824,0.087401517831972,0.086929744844432,0.08761714528081,0.087351680424009,0.087315511784961
NGC361,15.545833,-71.605835,9.91,-1.33081359228079,0.0813,RGB+07,MSF98,145,12.925560176953,12.6021754322769,12.6004784034156,12.0093126315558,11.9108865189601,11.5248290737375,11.3693821707317,10.974235965831,10.9226749763397,10.7599452116063,10.6968368032074,10.6604664105003,0.12925560176953,0.126021754322769,0.126004784034156,0.120093126315558,0.119108865189601,0.115248290737375,0.113693821707317,0.10974235965831,0.109226749763397,0.107599452116063,0.106968368032074,0.106604664105003
NGC411,16.980417,-71.76778,9.18,-0.720813592280791,0.0737,RGB+07,DH98,115,12.9243961822277,12.5086345061626,12.3329604710852,11.9151337642592,11.8745402248042,11.5769794453007,11.482029067498,11.1793589791681,11.1315040818558,11.0015021352253,10.9270911445048,10.8987016993716,0.129243961822277,0.125086345061626,0.123329604710852,0.119151337642592,0.118745402248042,0.115769794453007,0.11482029067498,0.111793589791681,0.111315040818558,0.110015021352253,0.109270911445048,0.108987016993716
NGC422,17.354584,-71.76611,8.15,0.0,0.0735,GGK10,,55,13.9259263238764,13.5750348931992,13.3985133550604,13.2028903753221,13.2002646092526,13.179173656731,13.1645412429373,13.1615918588432,13.1940173611001,13.2144162313888,13.3022112195045,13.3024450020527,0.139259263238764,0.135750348931992,0.133985133550604,0.132028903753221,0.132002646092526,0.13179173656731,0.131645412429373,0.131615918588432,0.131940173611,0.132144162313888,0.133022112195045,0.133024450020527
NoName_2,18.49375,-72.148056,0.0,0.0,0.0819,,,20,15.5036967922794,15.4675207676583,15.3659781982391,15.3450803477764,15.3878084282797,15.5337764431226,15.6316599083326,15.8469170229529,15.8836744958003,16.0557406470752,16.2742421069655,16.3058838516224,0.155036967922794,0.154675207676583,0.153659781982391,0.153450803477764,0.153878084282797,0.155337764431226,0.156316599083326,0.158469170229529,0.158836744958003,0.160557406470752,0.162742421069655,0.163058838516224
NoName_33,15.325833,-73.465836,0.0,0.0,0.0793,,,20,15.8264195193843,15.3916590769579,15.0776918860042,15.0124635068951,15.0271117458393,15.0746167077889,15.1033491824523,15.2532546923289,15.3491316474249,15.4729388253457,15.6089432284484,15.6237608673172,0.158264195193843,0.153916590769579,0.150776918860042,0.150124635068951,0.150271117458393,0.150746167077889,0.151033491824523,0.152532546923289,0.153491316474248,0.154729388253457,0.156089432284484,0.156237608673172
NoName_36,18.09875,-72.29195,0.0,0.0,0.0852,,,20,16.0525516193339,15.8246823506781,15.5549892986418,15.4351150469303,15.5501440940095,15.6319021917686,15.6771500830531,15.9037592288746,15.9762906067944,16.1448968045868,16.3775760109096,16.4037043004085,0.160525516193339,0.158246823506781,0.155549892986418,0.154351150469303,0.155501440940095,0.156319021917686,0.156771500830531,0.159037592288746,0.159762906067943,0.161448968045868,0.163775760109096,0.164037043004085
NoName_7,21.30375,-73.25833,0.0,0.0,0.0996,,,20,15.683061629213,15.5820545885475,15.5705840054185,15.5447281294028,15.5483510620508,15.7395481882368,15.8247899569723,16.1306085200614,16.2319069385407,16.4932624410531,16.7766189238543,16.842534298406,0.15683061629213,0.155820545885475,0.155705840054185,0.155447281294028,0.155483510620508,0.157395481882368,0.158247899569723,0.161306085200614,0.162319069385407,0.164932624410531,0.167766189238543,0.16842534298406
OGLE-CL SMC  288,21.190416,-73.42333,0.0,0.0,0.0973,,,25,17.4150874810998,17.2325254309117,16.7439741579657,16.4573044221919,16.5228989164613,16.7518758316696,17.1987850856122,16.9995867818543,17.5904941444339,17.1446162546429,17.9540494281727,17.4512652206927,0.174150874810998,0.172325254309117,0.167439741579657,0.164573044221919,0.165228989164613,0.167518758316696,0.171987850856122,0.169995867818543,0.175904941444339,0.171446162546429,0.179540494281727,0.174512652206927
OGLE-CL SMC  290,21.115417,-73.17111,7.8,0.0,0.1173,PdGR+15,,45,12.586319578989,12.6298134647219,12.5984022535531,12.5815843740395,12.6371643116717,12.7442365182581,12.751346447245,12.8147721933505,12.7786357217081,12.8863322177987,12.9228325792352,12.9206165107883,0.12586319578989,0.126298134647219,0.125984022535531,0.125815843740395,0.126371643116717,0.127442365182581,0.12751346447245,0.128147721933505,0.127786357217081,0.128863322177987,0.129228325792352,0.129206165107883
OGLE-CL SMC  291,21.0625,-73.16778,8.3,0.0,0.1173,PdGR+15,,30,14.0319210470211,13.8625239809503,14.1307813634754,14.1509856405431,14.2053232681635,14.351463450802,14.4340761185072,14.4430683206908,13.6946965545729,14.7597856834453,14.932548190135,14.8950802115504,0.140319210470211,0.138625239809503,0.141307813634754,0.141509856405431,0.142053232681635,0.14351463450802,0.144340761185072,0.144430683206908,0.136946965545729,0.147597856834453,0.14932548190135,0.148950802115504
OGLE-CL SMC  311,6.702083,-71.53472,10.02,-1.19,0.0804,GGG+08.DKB+16,DH98,210,12.1522096848644,11.7800201318378,11.7078476140175,11.2200770683174,11.083140677405,10.7412405395416,10.5361494304235,10.0863956625731,10.010784916421,9.87483102929414,9.75888949262211,9.72849509359787,0.121522096848644,0.117800201318378,0.117078476140175,0.112200770683174,0.11083140677405,0.107412405395416,0.105361494304235,0.100863956625731,0.10010784916421,0.098748310292941,0.097588894926221,0.097284950935979
OGLE-CL SMC  320,7.760833,-72.34055,9.63,-1.28,0.0543,DKB+16,DKB+16,30,16.3718524952568,16.0533934715317,16.0887204644802,15.496435422355,15.386643818411,15.018484075336,14.8555032454034,14.4330711634861,14.3025604002129,14.0423789066712,13.8899192681171,13.8201901855702,0.163718524952568,0.160533934715316,0.160887204644802,0.15496435422355,0.15386643818411,0.15018484075336,0.148555032454034,0.144330711634861,0.143025604002129,0.140423789066712,0.138899192681171,0.138201901855702
OGLE-CL SMC  324,6.180833,-73.75389,9.15,-0.663089986991944,0.068,PGC+14.DKB+16,PGG+09,100,14.2627744994836,13.7638932630468,13.5512153536549,13.1159552336009,13.0363080877486,12.7559358067184,12.6329783001701,12.3584902967329,12.3101952451316,12.202264640407,12.1799145318405,12.177292420407,0.142627744994836,0.137638932630468,0.135512153536549,0.131159552336009,0.130363080877486,0.127559358067184,0.126329783001701,0.123584902967329,0.123101952451316,0.12202264640407,0.121799145318405,0.12177292420407
OGLE-CL SMC  325,5.36375,-73.748055,9.71,-0.983089986991944,0.0655,PGC+14.DKB+16,PGG+09,120,14.7912259267176,14.2642526226019,14.1942666539232,13.6454908013755,13.5850270943171,13.1668067237548,13.0302846790631,12.624694931431,12.5383161472968,12.3746887492492,12.3039488077404,12.3204228793708,0.147912259267176,0.142642526226019,0.141942666539232,0.136454908013755,0.135850270943171,0.131668067237548,0.130302846790631,0.12624694931431,0.125383161472968,0.123746887492492,0.123039488077404,0.123204228793708
OGLE-CL SMC  332,6.359583,-74.075,9.2,-0.533089986991944,0.0726,DKB+16,PGC+15,55,15.739135044474,15.1985443652459,15.0147602403362,14.5178311609007,14.4939720532779,14.1155159977727,13.9528215169461,13.5838893105916,13.5149288492364,13.3391966649588,13.2539067717847,13.2312740113012,0.15739135044474,0.151985443652459,0.150147602403362,0.145178311609007,0.144939720532779,0.141155159977727,0.139528215169461,0.135838893105916,0.135149288492364,0.133391966649588,0.132539067717847,0.132312740113012
OGLE-CL SMC  339,19.105417,-71.32694,8.3,0.0,0.0575,GGK10.PdGR+15,,55,14.322432004666,13.8810413254902,13.6489224133076,13.4012377815648,13.4280123335017,13.4140894685591,13.3827677946874,13.4012992862112,13.4365561827566,13.4755486509132,13.517284525513,13.4933689893442,0.14322432004666,0.138810413254902,0.136489224133076,0.134012377815648,0.134280123335017,0.134140894685591,0.133827677946874,0.134012992862112,0.134365561827566,0.134755486509132,0.13517284525513,0.134933689893442
OGLE-CL SMC  340,18.72,-71.55028,8.23,-0.110813592280791,0.0711,RGB+07,DH98,145,11.8037351999215,11.4092267659503,11.1980877558342,11.0201863909406,11.047589240637,11.0354290180544,11.0249379010241,11.0316105927371,11.0807095515228,11.0845537585843,11.1478933441672,11.1068464419294,0.118037351999215,0.114092267659503,0.111980877558342,0.110201863909406,0.11047589240637,0.110354290180544,0.110249379010241,0.110316105927371,0.110807095515228,0.110845537585843,0.111478933441672,0.111068464419294
OGLE-CL SMC  341,18.688334,-71.34722,8.4,0.0,0.0615,GGK10.PdGR+15,,55,15.10202110028,14.6869568392713,14.3546847000847,14.2033639646829,14.2126679035539,14.2036200761231,14.2034157938761,14.2294731320744,14.3195238040386,14.3281716200821,14.4076308935216,14.4068434345537,0.1510202110028,0.146869568392713,0.143546847000847,0.142033639646829,0.142126679035539,0.142036200761231,0.142034157938761,0.142294731320744,0.143195238040386,0.143281716200821,0.144076308935216,0.144068434345537
OGLE-CL SMC 220,13.80875,-72.60111,9.0,0.0,0.1,CVH+06,,20,16.284389424853,15.9650924749012,15.7280080171527,15.394634049093,15.3515643571739,15.0901649079815,14.9884796152931,14.7348779795617,14.7071577901578,14.579482848406,14.5556227978585,14.522688987752,0.16284389424853,0.159650924749012,0.157280080171527,0.15394634049093,0.153515643571739,0.150901649079815,0.149884796152931,0.147348779795617,0.147071577901578,0.14579482848406,0.145556227978585,0.14522688987752
OGLE-CL SMC 238,16.967916,-72.53389,0.0,0.0,0.0919,,,20,15.707842828518,15.5037482701625,15.2332837449703,15.1085996689036,15.1189206296267,15.1879373979195,15.2348516976028,15.3333973861746,15.4324098940496,15.4428672463222,15.5503410561828,15.5664994405965,0.15707842828518,0.155037482701625,0.152332837449703,0.151085996689036,0.151189206296267,0.151879373979195,0.152348516976028,0.153333973861746,0.154324098940496,0.154428672463222,0.155503410561828,0.155664994405965
Sk158,18.9725,-73.31861,7.3,0.0,0.1466,PdGR+15,,40,11.335509429506,11.3770247093667,11.483810728974,11.4936114186733,11.5806889376562,11.8057294346495,11.9046734238535,12.2846981650889,12.447888180022,12.6862022776606,12.9400854931769,13.0002252894165,0.11335509429506,0.113770247093667,0.11483810728974,0.114936114186733,0.115806889376562,0.118057294346495,0.119046734238535,0.122846981650889,0.12447888180022,0.126862022776606,0.129400854931769,0.130002252894165
[BS95] 102,15.311667,-73.795,0.0,0.0,0.0818,,,30,16.5930035212339,16.0308489519081,15.8568528139225,15.4104302374384,15.5333951846698,15.3664938172035,15.3935031783111,15.3194088250677,15.3920440782948,15.4255085006203,15.5076635924382,15.5516427295898,0.165930035212339,0.160308489519081,0.158568528139225,0.154104302374384,0.155333951846698,0.153664938172035,0.153935031783111,0.153194088250677,0.153920440782948,0.154255085006203,0.155076635924382,0.155516427295898
[BS95] 131,16.4975,-72.34055,8.1,0.0,0.0811,CVH+06.RZ05,,30,14.8259284442139,14.4836672719674,14.1896286159118,13.9605297616026,13.9527940292298,13.7972672800958,13.730690147866,13.5672341996261,13.5668836109285,13.4591576685744,13.438359198452,13.400549821958,0.148259284442139,0.144836672719674,0.141896286159118,0.139605297616026,0.139527940292298,0.137972672800958,0.13730690147866,0.135672341996261,0.135668836109285,0.134591576685744,0.13438359198452,0.13400549821958
[BS95] 146,17.767082,-72.35083,0.0,0.0,0.0874,,,25,14.1840235096158,13.8982889383984,13.8740291582317,13.4705589333253,13.4046797196124,13.2127214413282,13.1056648332733,12.9565800508277,12.9217824682589,12.8865051173015,12.9192506916569,12.9002704616987,0.141840235096158,0.138982889383984,0.138740291582317,0.134705589333253,0.134046797196124,0.132127214413282,0.131056648332733,0.129565800508277,0.129217824682589,0.128865051173015,0.129192506916569,0.129002704616987
[BS95] 16,10.745417,-73.168335,8.45,0.0,0.0976,CVH+06.PU99,,30,14.6829380887174,14.0717019981714,13.7383804555561,13.5667870454865,13.6119881650882,13.6336356026895,13.6277062633921,13.6989025025295,13.816647233168,13.8181679635789,13.9138665155421,13.8979153528423,0.146829380887174,0.140717019981714,0.137383804555561,0.135667870454865,0.136119881650882,0.136336356026895,0.136277062633921,0.136989025025295,0.13816647233168,0.138181679635789,0.139138665155421,0.138979153528423
[BS95] 254,13.215417,-72.73639,7.15,0.0,0.105,GGK10.CVH+06,,30,11.4791533590408,11.4235759263935,11.4631756667759,11.4511810832991,11.5177963978779,11.7169884640122,11.7325197368755,12.0586778422799,12.1292853773535,12.3016040807002,12.466945661838,12.5065010400038,0.114791533590408,0.114235759263935,0.114631756667759,0.114511810832991,0.115177963978779,0.117169884640122,0.117325197368755,0.120586778422799,0.121292853773535,0.123016040807002,0.12466945661838,0.125065010400038
[BS95] 259,13.731667,-72.44611,7.75,0.0,0.089,GGK10.CVH+06,,30,13.4990298289136,13.4286668515034,13.4072683113579,13.3528891913667,13.4253099200585,13.5572325741013,13.6128423761166,13.8596662856485,13.8348712636941,14.0892704463395,14.3108110365726,14.334757923363,0.134990298289136,0.134286668515034,0.134072683113579,0.133528891913667,0.134253099200585,0.135572325741013,0.136128423761166,0.138596662856485,0.138348712636941,0.140892704463395,0.143108110365726,0.14334757923363
[BS95] 276,17.523333,-72.736946,8.25,0.0,0.087,GGK10,,45,14.3922511605401,13.9681248562507,13.7049168253253,13.4797340954055,13.5037516774967,13.4354718668027,13.4133742248329,13.3375729724203,13.3425476996146,13.2964209031615,13.3392668094949,13.3024191263397,0.143922511605401,0.139681248562507,0.137049168253253,0.134797340954055,0.135037516774967,0.134354718668027,0.134133742248329,0.133375729724203,0.133425476996146,0.132964209031615,0.133392668094949,0.133024191263397
[BS95] 277,18.49375,-72.14778,8.7,0.0,0.0819,GGK10,,30,15.3620318315666,15.3428320972055,15.2463649565783,15.2208887000652,15.2499311362131,15.3977073583215,15.5208598497532,15.6830572902897,15.717221037263,15.8687810125455,16.1710254161979,16.1712876463875,0.153620318315666,0.153428320972055,0.152463649565783,0.152208887000652,0.152499311362131,0.153977073583215,0.155208598497532,0.156830572902897,0.15717221037263,0.158687810125455,0.161710254161979,0.161712876463875
[BS95] 280,18.839582,-72.35028,0.0,0.0,0.0792,,,20,16.6208792992152,16.5628055856197,16.3700443083544,16.1449204676603,16.2660686771565,16.1248991038831,16.0579205709979,15.8749195922642,15.8228915635207,15.6706180143376,15.6268419544517,15.5781713802613,0.166208792992152,0.165628055856197,0.163700443083544,0.161449204676603,0.162660686771565,0.161248991038831,0.160579205709979,0.158749195922642,0.158228915635207,0.156706180143376,0.156268419544517,0.155781713802613
[BS95] 41,12.275,-73.352776,8.0,0.0,0.0801,CVH+06.PU99,,30,14.1861326867903,13.8662735559193,13.7283375972121,13.582088670585,13.6027445259594,13.5888099143446,13.5669784568648,13.5387402691851,13.5857301656339,13.5936592998317,13.6101952082615,13.5926697718931,0.141861326867903,0.138662735559193,0.137283375972121,0.13582088670585,0.136027445259594,0.135888099143446,0.135669784568648,0.135387402691851,0.135857301656339,0.135936592998317,0.136101952082615,0.135926697718931
[H86] 114,12.642083,-72.65083,8.2,0.0,0.0874,GGK10,,45,14.005544502075,13.6217835400532,13.4469771620301,13.1754414835637,13.2015392203955,13.123938793192,13.0711130120888,13.0044799839966,12.9605312340616,12.9341445313305,12.9428836122635,12.9240426759087,0.14005544502075,0.136217835400532,0.134469771620301,0.131754414835637,0.132015392203955,0.13123938793192,0.130711130120888,0.130044799839966,0.129605312340616,0.129341445313305,0.129428836122635,0.129240426759087
[H86] 117,12.921667,-73.53083,8.2,0.0,0.0834,GGK10,,25,14.6141381300232,14.4901642260824,14.5746856295099,14.4721041022131,14.5209966305723,14.5625691687908,14.6108678291163,14.6725510714909,14.4644024862349,14.8343705784925,14.9871145520839,14.9651155544838,0.146141381300232,0.144901642260824,0.145746856295099,0.144721041022131,0.145209966305723,0.145625691687908,0.146108678291163,0.146725510714909,0.144644024862349,0.148343705784925,0.149871145520839,0.149651155544838
[H86] 128,13.011667,-72.818054,8.3,0.0,0.0996,CVH+06,,30,15.0044213357349,14.6357184717811,14.2842503902525,14.0878501011329,14.1367080772851,14.0952114496629,14.0303726977865,14.0297148321902,14.1777819341957,13.9511321288662,13.9761574298693,13.9583762726425,0.150044213357349,0.146357184717811,0.142842503902525,0.140878501011329,0.141367080772851,0.140952114496629,0.140303726977865,0.140297148321902,0.141777819341957,0.139511321288662,0.139761574298693,0.139583762726425
[H86] 129,13.052083,-72.53083,7.7,0.0,0.0929,CVH+06.PU99,,40,13.0398807088159,12.9578502373064,12.8717974796324,12.7663774151013,12.8293224646469,12.8813671592757,12.8967333917723,13.0005445119926,13.0063453843464,13.0510974108529,13.1359897779958,13.1236020077485,0.130398807088159,0.129578502373064,0.128717974796324,0.127663774151013,0.128293224646469,0.128813671592757,0.128967333917723,0.130005445119926,0.130063453843464,0.130510974108529,0.131359897779958,0.131236020077485
[H86] 136,13.277917,-72.34389,0.0,0.0,0.0968,,,25,14.7565397829876,14.5730509730455,14.4748237974716,14.2165745957207,14.1842428277202,13.8981964974066,13.7869081427203,13.4821832420002,13.398607733179,13.2654005354158,13.2257596558481,13.1792349900178,0.147565397829876,0.145730509730455,0.144748237974716,0.142165745957207,0.141842428277202,0.138981964974066,0.137869081427203,0.134821832420002,0.13398607733179,0.132654005354158,0.132257596558481,0.131792349900178
[H86] 145,13.401667,-72.351944,7.8,0.0,0.0904,GGK10,,25,13.9146006196017,13.8096158742344,13.7114613539599,13.5771524051199,13.5827499714136,13.4824791513403,13.4253851011513,13.2504545924607,13.1516205237662,13.1079423769935,13.0944574680483,13.0537821259447,0.139146006196017,0.138096158742344,0.137114613539599,0.135771524051199,0.135827499714136,0.134824791513403,0.134253851011513,0.132504545924607,0.131516205237662,0.131079423769935,0.130944574680483,0.130537821259447
[H86] 148,13.47125,-72.672775,8.8,0.0,0.0992,GGK10.CVH+06,,30,12.2166280098573,12.1991723209473,12.1757681704908,12.1180457405646,12.1509434619073,12.0873860822317,12.0356665461289,11.7666390205085,11.6935128731735,11.6096435467804,11.3433155969023,11.4159168872345,0.122166280098573,0.121991723209473,0.121757681704908,0.121180457405646,0.121509434619073,0.120873860822317,0.120356665461289,0.117666390205085,0.116935128731735,0.116096435467804,0.113433155969023,0.114159168872345
[H86] 150,13.7475,-73.41861,0.0,0.0,0.0784,,,45,14.3414544814056,14.0054997269549,13.8414250260926,13.5986434871722,13.5973007953334,13.4918368466033,13.4690513440859,13.3323287117769,13.2959908806427,13.285320047097,13.315370936619,13.2961998001889,0.143414544814056,0.140054997269549,0.138414250260926,0.135986434871722,0.135973007953334,0.134918368466033,0.134690513440859,0.133323287117768,0.132959908806427,0.13285320047097,0.13315370936619,0.132961998001889
[H86] 151,13.6175,-73.04417,9.0,0.0,0.0751,CVH+06,,30,13.7425408886629,12.8599048326509,12.714583637844,12.629501486984,12.6706927559176,12.7529455972162,12.758883089598,12.8990103697632,12.9976078522868,13.1005328346471,13.1458130864874,13.1509868339583,0.137425408886629,0.128599048326509,0.12714583637844,0.12629501486984,0.126706927559176,0.127529455972162,0.12758883089598,0.128990103697632,0.129976078522868,0.131005328346471,0.131458130864874,0.131509868339583
[H86] 155,13.799167,-73.29639,8.75,0.0,0.082,GGK10.CVH+06,,30,15.5402836589664,15.2727339202243,15.0285575444033,14.7318908744003,14.6949087267272,14.4784865187207,14.4468040000027,14.2844519417051,14.2712957586294,14.2294350338237,14.2756253691564,14.23631917662,0.155402836589664,0.152727339202243,0.150285575444033,0.147318908744003,0.146949087267272,0.144784865187207,0.144468040000027,0.142844519417051,0.142712957586294,0.142294350338237,0.142756253691564,0.1423631917662
[H86] 156,13.699583,-72.70389,8.8,0.0,0.1051,CVH+06,,25,14.9470477251234,14.8055677534808,14.6462143240141,14.5094810615025,14.5636625520086,14.6348902331919,14.6246168257392,14.7692000833431,14.8432525207832,14.8461794907904,14.9848680280341,14.9926994215781,0.149470477251234,0.148055677534808,0.146462143240141,0.145094810615025,0.145636625520086,0.146348902331919,0.146246168257392,0.147692000833431,0.148432525207832,0.148461794907904,0.149848680280341,0.149926994215781
[H86] 160,13.835417,-72.675,0.0,0.0,0.1051,,,25,14.9451994370181,14.5727536033319,14.3926893298799,14.2018655066521,14.2566617533671,14.2635167252725,14.2581073524844,14.3560798915981,14.4089078957535,14.4642885481265,14.5814722442878,14.5840571156111,0.149451994370181,0.145727536033319,0.143926893298799,0.142018655066521,0.142566617533671,0.142635167252725,0.142581073524844,0.143560798915981,0.144089078957535,0.144642885481265,0.145814722442878,0.145840571156111
[H86] 167,14.017917,-73.08972,8.7,0.0,0.0791,CVH+06,,30,14.7739272902112,14.4320070641004,14.2983259490344,14.021635088076,14.0603568976948,13.86689060147,13.8185725520587,13.6430722901932,13.6288611068437,13.5878899436497,13.6185976531849,13.5762910408662,0.147739272902112,0.144320070641004,0.142983259490344,0.14021635088076,0.140603568976948,0.1386689060147,0.138185725520587,0.136430722901932,0.136288611068437,0.135878899436497,0.136185976531849,0.135762910408662
[H86] 171,14.16375,-72.2175,0.0,0.0,0.1063,,,30,16.115611788374,15.9270639712535,15.7060295736086,15.3749225546825,15.4417100869138,15.1706848070145,15.162641188967,14.94138660123,14.9112321637323,14.792778968853,14.8174347725765,14.8051750380761,0.16115611788374,0.159270639712535,0.157060295736086,0.153749225546825,0.154417100869138,0.151706848070145,0.15162641188967,0.1494138660123,0.149112321637323,0.14792778968853,0.148174347725765,0.148051750380761
[H86] 174,14.324583,-72.93361,8.53,-0.4,0.1068,CVH+06.MPS14,PPV17,25,15.7858901485886,15.3349635177645,15.0112966224288,14.9336149357288,14.9704054824805,14.9037315989349,14.9895744577855,15.0060384298308,15.1362720790787,15.2138136946323,15.3848030115632,15.3561021360158,0.157858901485886,0.153349635177645,0.150112966224288,0.149336149357288,0.149704054824805,0.149037315989349,0.149895744577855,0.150060384298308,0.151362720790787,0.152138136946323,0.153848030115632,0.153561021360158
[H86] 175,14.459583,-72.44028,8.0,0.0,0.1192,CVH+06,,25,13.5947358117549,13.6163139025407,13.5814846079748,13.5428171529244,13.6203851646138,13.7637510642199,13.8137945351878,14.0793836473663,14.1496423529428,14.2930985024618,14.4661853981125,14.4991695199724,0.135947358117549,0.136163139025407,0.135814846079748,0.135428171529244,0.136203851646138,0.137637510642199,0.138137945351878,0.140793836473663,0.141496423529428,0.142930985024618,0.144661853981125,0.144991695199724
[H86] 177,14.45875,-72.507774,8.05,0.0,0.1192,CVH+06.PU99,,45,13.2936720501782,13.2478969149097,13.2419299781475,13.1607832064255,13.2346173324595,13.2657757853781,13.2981489213649,13.2903549860213,13.2536379316046,13.1403905921904,13.0193204954651,13.0098858380525,0.132936720501782,0.132478969149097,0.132419299781475,0.131607832064255,0.132346173324595,0.132657757853781,0.132981489213649,0.132903549860213,0.132536379316046,0.131403905921904,0.130193204954651,0.130098858380525
[H86] 190,15.13875,-72.25806,7.5,-0.48,0.075,CVH+06.PU99.MPS14,PPV17,25,14.3583345782766,14.3579425391125,14.2647779502793,14.2185389755794,14.29219596674,14.4337449320662,14.482529641391,14.6822754004368,14.7218184486717,14.8857991676359,15.0514431872498,15.0563852314823,0.143583345782766,0.143579425391125,0.142647779502793,0.142185389755794,0.1429219596674,0.144337449320662,0.14482529641391,0.146822754004368,0.147218184486717,0.148857991676359,0.150514431872498,0.150563852314823
[H86] 212,21.312082,-73.50166,0.0,0.0,0.0936,,,35,17.4958243696699,17.0527934870677,16.8709395889916,16.6194681470877,16.5432799628046,16.5529824237699,16.4866023613189,16.4457896668672,16.3329463941505,16.3965047416185,16.3404558660231,16.2398417726215,0.174958243696699,0.170527934870677,0.168709395889916,0.166194681470877,0.165432799628046,0.165529824237699,0.164866023613189,0.164457896668672,0.163329463941505,0.163965047416185,0.163404558660231,0.162398417726215
[H86] 40,9.45625,-73.4825,8.8,0.0,0.0734,CVH+06,,25,17.0941702736444,16.8447598020872,16.8004534097714,16.2894121728489,16.1293229581439,15.5666844328721,15.4591752142442,14.8929898764305,14.7918301363567,14.5470882474669,14.4573931141602,14.4088821936448,0.170941702736444,0.168447598020872,0.168004534097714,0.162894121728489,0.161293229581439,0.155666844328721,0.154591752142442,0.148929898764305,0.147918301363567,0.145470882474669,0.144573931141602,0.144088821936448
[H86] 62,10.2,-73.08806,8.6,0.0,0.093,GGK10,,35,16.0217498367142,15.5982000502057,15.3879565803014,15.0333920006973,15.0447250931328,14.8253825845089,14.8012657409841,14.6830020504923,14.7901843860292,14.6925367920201,14.9110154018288,14.8313266833118,0.160217498367142,0.155982000502057,0.153879565803014,0.150333920006973,0.150447250931328,0.148253825845089,0.148012657409841,0.146830020504923,0.147901843860292,0.146925367920201,0.149110154018288,0.148313266833118
[H86] 68,10.658333,-72.45583,9.77,0.0,0.0819,GGK10.RZ05,,60,15.4317915666997,15.0610983708679,15.0258774734617,14.4209102278626,14.3488576239066,13.9099200415362,13.7885753491016,13.4477772807898,13.4012378452373,13.3480071133735,13.3593702850833,13.364175471068,0.154317915666997,0.150610983708679,0.150258774734617,0.144209102278626,0.143488576239066,0.139099200415362,0.137885753491016,0.134477772807898,0.134012378452373,0.133480071133735,0.133593702850833,0.13364175471068
[H86] 74,11.30875,-73.219444,8.0,0.0,0.1342,GGK10.CVH+06.PU99,,40,13.1376677472409,12.7568262583728,12.4968933321621,12.3409163982086,12.3937478838825,12.4508910574914,12.4320698884376,12.5363496659838,12.7247197027916,12.6454296978249,12.75087045941,12.7351369697982,0.131376677472409,0.127568262583728,0.124968933321621,0.123409163982086,0.123937478838825,0.124508910574914,0.124320698884376,0.125363496659838,0.127247197027916,0.126454296978249,0.1275087045941,0.127351369697982
[H86] 79,11.495,-72.59611,8.7,0.0,0.0792,RZ05,,25,17.2427599734904,16.8434687635293,16.5145088015768,16.1454777006215,16.2204150348327,16.021953004741,16.0645092225277,15.9930490346712,16.0404097159546,15.9954338909025,16.1329472677496,16.1644727115783,0.172427599734904,0.168434687635293,0.165145088015768,0.161454777006215,0.162204150348327,0.16021953004741,0.160645092225277,0.159930490346712,0.160404097159546,0.159954338909025,0.161329472677496,0.161644727115783
[H86] 90,11.857083,-73.45472,8.4,-0.1,0.1016,GGK10.MPS14,PPV17,30,14.2799043950591,14.2814551645344,14.1886330421674,14.2034980282732,14.214802345524,14.2953176901218,14.392081035055,14.566776477652,14.771539226642,14.835439501594,15.0251056556929,15.0265165601668,0.142799043950591,0.142814551645344,0.141886330421674,0.142034980282732,0.14214802345524,0.142953176901218,0.14392081035055,0.14566776477652,0.14771539226642,0.14835439501594,0.150251056556929,0.150265165601668
[H86] 91,11.88375,-73.43361,0.0,0.0,0.1016,,,25,14.9842710403732,14.1259947963528,13.7888168209098,13.6311055154348,13.6918106599888,13.7032722822026,13.6842051546383,13.8039405135271,13.9102205414904,13.9834731535101,14.0377097289498,14.0439960229555,0.149842710403732,0.141259947963528,0.137888168209098,0.136311055154348,0.136918106599888,0.137032722822026,0.136842051546383,0.138039405135271,0.139102205414904,0.139834731535101,0.140377097289498,0.140439960229554
[H86] 97,11.9675,-73.22195,8.37,-0.613089986991944,0.1192,CVH+06.PU99.MPS14,PGC+15,40,13.3385689754311,13.095185926334,12.8725034468805,12.7396949040724,12.7383441307385,12.6943091919589,12.6348695691144,12.5528689685482,12.5610534428938,12.5320036360229,12.5170733744755,12.4902607840495,0.133385689754311,0.13095185926334,0.128725034468805,0.127396949040724,0.127383441307385,0.126943091919589,0.126348695691144,0.125528689685482,0.125610534428938,0.125320036360229,0.125170733744755,0.124902607840495
[RZ2005] 201,18.96625,-73.346664,7.2,0.0,0.1466,PdGR+15,,35,10.8125815336978,10.8623553852934,10.9358953319124,10.9419024334363,11.034697059367,11.2878626833072,11.3929827236925,11.8151610373102,11.9597421894467,12.2432899292382,12.4968216530224,12.5593967188729,0.108125815336978,0.108623553852934,0.109358953319124,0.109419024334363,0.11034697059367,0.112878626833072,0.113929827236925,0.118151610373102,0.119597421894467,0.122432899292382,0.124968216530224,0.125593967188729
